VIN,CAR_Model,Dealership_ID,Dealership_Name,Dealership_Email_ID,Date_of_Purchase,ZIP_Code
yR64652vT31,RAV4 2025,6660ef7a-e75a-4850-9862-d2a1d1284952,Roberts Group,michealkent@yahoo.com,2024-11-23,13351
dU24650Yu10,Corolla 2025,1aecea6d-86d4-4afd-901a-a98d15a6cd1c,"Collins, Ruiz and Roach",marklawrence@hotmail.com,2023-07-10,29155
Zv51875AN58,Camry 2025,bf1cda38-9594-4e7a-85a0-899a60c548c6,"Neal, Berger and Dixon",pcompton@reynolds.com,2024-06-20,51913
hV94658rm48,Corolla 2025,ead07e74-886a-40ad-a061-a7c4ebe59dff,Young-Clark,frosario@hotmail.com,2024-08-19,19495
yO65609NC69,Camry 2025,10ae08c9-c0e0-458c-a097-5ac73de9db2a,Bryant-Walters,fernandezdouglas@hotmail.com,2025-05-08,19279
kE26301ml69,RAV4 2025,9cb087ca-8dca-4535-91c8-43294eea7631,Vazquez-Moreno,gallaghermichael@gmail.com,2023-07-26,41295
XM54160ec35,RAV4 2025,eb6448fa-e225-4067-9a78-5991c4487ff8,"Collins, Ruiz and Roach",marklawrence@hotmail.com,2024-12-02,15176
xp42834mF67,Corolla 2025,03be06c0-32db-43d0-9490-f4adac5a81db,"Knight, Johnson and Holland",tglover@yahoo.com,2025-02-05,02525
LD30253oU86,Camry 2025,d2f2593d-b3b1-4a21-953b-64642c58850d,"Curry, Rhodes and Wilson",butlerjohn@russell-morgan.com,2024-01-07,55189
uW30138KM65,RAV4 2025,29b197f7-c187-4903-b342-4c34450a4eec,Vazquez-Moreno,gallaghermichael@gmail.com,2023-05-25,60520
NJ14155LB06,Corolla 2025,ec5d0d4f-2e44-48b7-8754-b74fa2e50e13,"Clark, Farmer and Ford",janetmason@mitchell.net,2023-08-10,12983
qZ25033AP24,Corolla 2025,3124ca81-b3d0-40a3-9b6c-6067fd8b778c,"Schwartz, Wilkinson and Lawson",josephgill@yahoo.com,2023-12-20,84036
OS08220oy11,Corolla 2025,e418dc94-30eb-4b52-88cd-18299f584896,Knight-Green,trevorpowell@yahoo.com,2023-12-28,50909
Cf64474FV09,Camry 2025,f074bdfe-3abc-488b-8c56-42124bd01a49,Torres-Mcdaniel,wagnertara@weaver-martinez.info,2024-03-07,05350
tw04687vX68,Corolla 2025,bb24c4b1-7095-4db1-9daa-211d53ed6314,"Jackson, Mcdonald and Brooks",lhaynes@allen.com,2025-01-15,52193
Ju98232Fk49,Corolla 2025,196675c8-7499-4d37-8271-91155e3f0fba,"Curry, Rhodes and Wilson",butlerjohn@russell-morgan.com,2024-07-06,80663
Re90985fR54,Corolla 2025,3f797603-dd46-466a-9a74-131b414398d6,Lopez-Lynn,matthew15@hotmail.com,2023-06-08,96850
Xw62444zV11,RAV4 2025,9bca5d9a-66f8-4d04-941c-a4a3b2a833f3,Johns LLC,dhebert@gmail.com,2023-09-26,54953
dM29671UM02,Corolla 2025,6898ce69-7ae0-4182-89a7-8a7aecedce0a,Bryant-Walters,fernandezdouglas@hotmail.com,2024-02-15,25644
zD98359Zy19,Camry 2025,4802f983-337a-47e0-ab55-f0cf9662484d,Cox and Sons,dominguezbonnie@white.com,2024-06-02,93632
bv10897St50,Corolla 2025,5bae1b23-5b4b-4271-9b17-dcf0ea8a6c38,"Petty, Davis and Whitehead",jeffreyrobinson@garrison.com,2023-06-07,24076
aj94648JZ87,RAV4 2025,cdda1cc5-956d-4256-89f6-5ea2f4689f86,Miller Ltd,travisjody@king.biz,2023-12-16,82828
xt88784qM04,Camry 2025,60dd1862-56d6-46d0-9dba-ad85ef3671b7,Gates LLC,austin96@hotmail.com,2023-11-23,29372
Bu93925uX32,Corolla 2025,b2dead49-544d-424d-8229-2d27d81662c9,Bonilla-Henderson,ayersjody@brooks.org,2023-12-07,43178
pJ77716Om71,Camry 2025,f5e36f27-f2d9-4fe0-b119-da07f103e5a6,Weber-Vargas,timothycopeland@jones.com,2024-02-05,26222
pr66120Hm93,Camry 2025,e04618c0-06ff-41d5-9dd3-1b9bd7a621ce,Cox and Sons,dominguezbonnie@white.com,2023-05-18,36009
Mv64406Ly84,Corolla 2025,b1c5d198-21e7-4e3c-83cf-f6ebc9b213d0,Cox and Sons,dominguezbonnie@white.com,2024-01-18,63633
Ln30110TW79,Camry 2025,c0e3446b-fa33-447d-9251-25aed3409d52,"Garner, Cobb and Guzman",davismelissa@morrison.net,2025-02-02,02239
Vd81249pQ27,Camry 2025,11ec4931-1a36-4a31-8434-345ec0a40a36,"Collins, Ruiz and Roach",marklawrence@hotmail.com,2024-06-08,11877
WA37762pp72,RAV4 2025,e9bda7bd-926e-4c32-9d1e-c6057d031424,Parker-Norman,michellemcintyre@hotmail.com,2023-07-14,56463
zo00949eq36,Camry 2025,90d1c982-3977-4f5b-b7ab-93cd4976e7e4,Gates LLC,austin96@hotmail.com,2023-06-14,28157
AD90211dI62,Camry 2025,c806c0ae-5d4c-4e78-948f-532878fec38f,Green PLC,brenda30@johnson-sawyer.com,2024-01-06,21780
vE31391br56,RAV4 2025,f0001a94-e0a4-44fa-b124-92acb96266ba,Hicks Inc,thomas87@gmail.com,2023-07-19,66343
oT02635Wn01,Corolla 2025,da8abdfd-3600-463b-aded-ca32aad37059,Gates LLC,austin96@hotmail.com,2024-11-19,21476
XO87338nY10,RAV4 2025,93584ad3-e29d-4550-b149-28fe09f24447,Lopez-Lynn,matthew15@hotmail.com,2024-02-21,02735
pe56127FD57,Camry 2025,3e345e74-dba8-41f7-aa44-d5d8b72b8b36,"Jackson, Mcdonald and Brooks",lhaynes@allen.com,2024-05-23,24967
Cx03764KW67,Corolla 2025,a7d61a05-47ab-42c7-b846-051c0ff2dec4,Parker-Norman,michellemcintyre@hotmail.com,2024-03-29,63442
Gv91918dM43,Corolla 2025,a2326e49-e48e-49b7-848d-dd43bebef1e0,"Barton, Rodgers and Mooney",flemingjoshua@taylor-bright.org,2024-12-01,71757
Zw79332IE95,Corolla 2025,fc5f6e79-c9cf-462b-983e-e2cd472907af,Weeks-Gilbert,bwatson@stokes.org,2023-05-20,67913
bA19095Js90,RAV4 2025,47686f15-799c-4ff0-b3f5-c62f63bb8542,"Garner, Cobb and Guzman",davismelissa@morrison.net,2023-11-27,17525
uZ53464hE50,Corolla 2025,cf18e332-6ab2-42a0-aabf-3d99004c05c8,"Pratt, Stevens and Chambers",craigharrington@yahoo.com,2024-04-18,97083
YX74855vh44,RAV4 2025,0398337a-0e04-4304-8103-8b8c7a35c8bb,Parker-Norman,michellemcintyre@hotmail.com,2024-12-18,64292
hE89021aG76,Corolla 2025,f472e865-602a-47d0-a67a-d1d57bff4c1e,Young-Fuller,vyoung@yahoo.com,2023-10-21,70760
ID72985rB07,RAV4 2025,31236846-8d76-4bb3-9f9c-327d1a36dc92,"Perez, Jones and Carrillo",diane99@jordan.com,2024-09-08,11545
fC96706MV41,Corolla 2025,0f4728e9-8be5-4ce8-9f36-792b540990d2,"Barton, Rodgers and Mooney",flemingjoshua@taylor-bright.org,2024-09-25,54588
vB43580mT79,Corolla 2025,59f9e9f6-c2c2-4c40-a050-fdfed1eb1392,Johns LLC,dhebert@gmail.com,2024-09-18,01026
YV19046dN59,RAV4 2025,f9b87085-d678-4519-b06c-4d6a82ffe494,Brooks-Ortiz,michaelgarcia@yahoo.com,2024-11-27,68702
ND38725Qv58,RAV4 2025,cc7cb5c7-4f32-4142-89ec-102c8fb3ffa8,Roberts Group,michealkent@yahoo.com,2024-08-05,08498
oW58976ta76,Corolla 2025,266345f0-56c5-4503-9705-2d3d92841eb1,Lowe Ltd,angela25@yahoo.com,2024-01-05,39352
ah03286RZ45,Corolla 2025,6411b997-ad20-4e4c-9fc1-8c07beb89e01,"Yang, Rogers and Cuevas",brownsierra@miranda.com,2025-03-25,96619
rY84891be61,Corolla 2025,bbb372fc-b693-4f9a-87fb-01dcf8e619df,Gonzales Ltd,lmiller@dean.com,2024-01-09,44511
is69992Vl21,Corolla 2025,ba340824-0fa1-466f-89af-9fb9bbb3d63f,Lopez-Lynn,matthew15@hotmail.com,2024-03-27,98018
dA58464ZT95,Camry 2025,b63b3e6b-bf72-4abf-9ca8-7e26beeb49e1,Duncan Ltd,salazarwilliam@gmail.com,2023-09-26,57771
up59870fq58,RAV4 2025,03be3943-1ebc-46b2-b295-d2bd4a8da133,Lopez-Lynn,matthew15@hotmail.com,2024-11-21,06666
Qi78998qp57,Corolla 2025,5da8aa89-985b-4d3c-b0d2-6d12fccb57f0,Lowe Ltd,angela25@yahoo.com,2024-02-24,43773
EN31868BO49,RAV4 2025,867d85f8-f90b-4e72-bb0b-b10bc89cae3d,Conrad LLC,sharon25@hotmail.com,2023-06-17,76399
FV59233pN55,RAV4 2025,2cbb6fb0-1e19-4ed4-b92c-2bfeeda1c8cf,Bonilla-Henderson,ayersjody@brooks.org,2023-12-20,81344
Et42709wM66,RAV4 2025,d0f6b0d5-0c70-4490-b370-cc3c3f537b1a,Vazquez-Moreno,gallaghermichael@gmail.com,2024-09-22,29964
hi52387Yu08,RAV4 2025,15ac608e-61bf-4da3-8cd8-645188b8f7d4,Brooks-Ortiz,michaelgarcia@yahoo.com,2023-06-09,13728
PU83661Lw58,RAV4 2025,94673923-1594-459a-a609-ea2fe42faf20,"Jackson, Mcdonald and Brooks",lhaynes@allen.com,2024-08-24,23732
gK37132NW56,Camry 2025,80416780-b155-41bf-bba6-d9ada7e41d66,"Perez, Jones and Carrillo",diane99@jordan.com,2023-08-11,30888
FS52770HM72,Corolla 2025,8802daab-f055-4a56-a41e-6ed75649cbb2,Burton-Shepherd,evansdavid@yahoo.com,2023-06-03,16278
Og80067yD79,Camry 2025,1038a632-55ea-4d63-ae13-00e74855bf91,"Diaz, Perez and Rivas",allen89@hotmail.com,2023-06-17,54101
uJ12227FJ27,Corolla 2025,814012f4-8fa6-401d-b222-5790bc0436d5,Vargas-Franco,anna14@gmail.com,2024-01-14,65941
hu92129Pc10,RAV4 2025,a463adba-6502-4936-bbb0-e3d79f730800,"Petty, Davis and Whitehead",jeffreyrobinson@garrison.com,2025-03-04,15612
Ib62829ri72,RAV4 2025,95b63132-c0b0-43d0-b439-1b3ba20bd765,Lopez-Lynn,matthew15@hotmail.com,2024-02-15,53263
zo04994HN19,Camry 2025,4a56335c-c71d-48e8-8a92-71f6a7f380c9,"Neal, Berger and Dixon",pcompton@reynolds.com,2024-07-05,09321
NB92042Hd38,Camry 2025,d8e2816c-59d7-4c5d-abb0-036d5da830d8,Gates LLC,austin96@hotmail.com,2023-12-26,70429
jH80450XJ27,Corolla 2025,0246a7f9-45f0-425a-99ae-43a21006b778,Wolfe-Thomas,jennifer14@hotmail.com,2024-08-16,11832
Wj09235XT21,Camry 2025,fc71798f-ecd0-49e5-bd69-f01593f933f6,Brooks-Ortiz,michaelgarcia@yahoo.com,2024-12-16,82656
ss97976kr13,Corolla 2025,4140ba0a-6101-467c-ad8d-62f0132493b0,"Jackson, Mcdonald and Brooks",lhaynes@allen.com,2023-10-02,29619
PU04312zk58,Corolla 2025,8d898941-10f6-4459-a6dc-c85448dd7cdf,Burton-Shepherd,evansdavid@yahoo.com,2024-10-02,19600
jT27011GW51,Corolla 2025,b54fb052-554b-405e-bb2f-e3556f3abf2b,Gonzales Ltd,lmiller@dean.com,2023-09-06,79867
XK71582pP57,RAV4 2025,88b84be8-b88a-4bee-8d33-619810e327ea,Young-Fuller,vyoung@yahoo.com,2024-04-12,95953
tG27574Pg37,RAV4 2025,e9f0d255-987a-403f-a2ad-845185f637aa,Burton-Shepherd,evansdavid@yahoo.com,2025-02-11,19112
gJ42337et65,RAV4 2025,c66d9b61-7ef2-46cd-9896-32502b42a0f7,"Collins, Ruiz and Roach",marklawrence@hotmail.com,2023-09-20,96688
GL73191Te10,Camry 2025,99bba485-6ccd-4bdf-811f-97baf07ae315,Bentley and Sons,wilsonann@ware.info,2024-12-11,82295
vU44887Jm38,Corolla 2025,e6e50fed-8a33-4f7c-b8d7-a105524ad0f9,Cox and Sons,dominguezbonnie@white.com,2023-09-08,42522
kq00626kC58,RAV4 2025,4be35e25-a82e-474f-bfae-1e2f9316839b,Bonilla-Henderson,ayersjody@brooks.org,2025-04-07,79988
eZ88638Sn70,Camry 2025,76b8e991-2441-437a-9aa5-0f04b2b5ab5e,"Garrett, Carr and Young",victoria36@smith.info,2024-10-14,32882
Fz77194CT59,Corolla 2025,079a8380-cab0-4a5d-a56d-ece775baceab,Hicks Inc,thomas87@gmail.com,2025-02-13,51116
zn58581rK96,Camry 2025,4d41c35b-307d-46c2-8d8f-505e50e3b88f,Miller Ltd,travisjody@king.biz,2025-01-06,41843
Op45039Uj82,Corolla 2025,b789ebab-169e-4a25-8236-a92957ef6742,"Bryant, Gonzalez and Sutton",robert56@keller-thompson.com,2024-04-18,29274
FL73547dy53,Camry 2025,4d44d964-3fe6-4a23-b855-43d1c74c0985,"Knight, Johnson and Holland",tglover@yahoo.com,2024-09-12,75236
xV73278IF31,Camry 2025,1851d82f-3632-49ef-8794-a05a724b13cd,Torres-Mcdaniel,wagnertara@weaver-martinez.info,2024-08-25,81733
Df87941ot15,Corolla 2025,44d63543-32f9-45f1-b289-ddde376389c1,"Clark, Farmer and Ford",janetmason@mitchell.net,2025-04-18,89385
ed44681im18,Camry 2025,455e7a0a-46d7-4850-b706-3a0997dd0435,"Petty, Davis and Whitehead",jeffreyrobinson@garrison.com,2024-09-21,37262
NF03331Yk91,Camry 2025,196caac8-8cfb-4a2b-b93b-35fd6cd72bd9,"Williams, Lane and Clark",judithjackson@yahoo.com,2025-04-01,19597
WE65741Zk18,Corolla 2025,c672b253-ec0f-4f9f-a9cc-825eb385c585,Brooks-Ortiz,michaelgarcia@yahoo.com,2023-05-19,89599
Nu01606oW86,RAV4 2025,4df835ba-3552-4d00-b0fe-2be5a9aee516,Young-Fuller,vyoung@yahoo.com,2023-12-10,51406
St95596JM57,Corolla 2025,0034abcc-f16d-46a7-a940-0139b50e055e,Vargas-Franco,anna14@gmail.com,2023-11-25,99341
rk20657YS17,RAV4 2025,d6d0246e-8585-4b0e-ba85-945f11f9da4e,Vazquez-Moreno,gallaghermichael@gmail.com,2024-06-24,60353
hy05752qk11,Corolla 2025,96aa97e4-04ba-4079-83b1-df1c5d78b19b,Lowe Ltd,angela25@yahoo.com,2024-04-19,65910
mu95778Xa33,Corolla 2025,85c8219f-979d-4122-b205-bcf1a7bd7d32,"Patterson, Daniels and Wu",mullinsjustin@gmail.com,2023-10-03,91813
OM37333sH77,RAV4 2025,ce6c9786-a61f-486f-8b9a-605d65789e9b,Mosley Inc,matthewsmith@yahoo.com,2024-08-22,10379
bp54520MR28,Corolla 2025,d33fdacf-48bd-452e-b2d4-62af7ede19ff,Gonzales Ltd,lmiller@dean.com,2024-10-06,56953
Ug11056Ev00,Corolla 2025,ab44ed6c-66f9-4d8c-b423-14c427bea57a,"Knight, Johnson and Holland",tglover@yahoo.com,2024-12-11,20483
pX39150nF47,RAV4 2025,f1383bc1-ef3e-458a-9f7a-8de3bf9ee1af,"Clark, Farmer and Ford",janetmason@mitchell.net,2024-01-15,78106
lT61913UZ68,Corolla 2025,e7cec0d6-be6f-412e-bdf9-ddb3a1d63244,"Mclaughlin, Jones and Watts",izimmerman@gmail.com,2024-06-15,65475
Ka70949Il70,Camry 2025,9dbec495-ddb8-496b-b657-a20463b9f802,"Curry, Rhodes and Wilson",butlerjohn@russell-morgan.com,2025-04-10,74714
EO53606iG98,RAV4 2025,8ea3ecdc-7898-426f-b3af-3dceffafa04f,Hicks Inc,thomas87@gmail.com,2025-05-05,23033
Sv68588uf79,Corolla 2025,40152b85-357c-42f5-a528-911049c50cc9,"Patterson, Daniels and Wu",mullinsjustin@gmail.com,2023-11-06,75965
wh31520oN49,Corolla 2025,c1857be6-41a5-47b3-876b-f4a47cd18d81,"Knight, Johnson and Holland",tglover@yahoo.com,2023-09-23,84796
qV84714Gm08,Camry 2025,0b528920-0383-4992-9d19-422a880f3a5a,"Williams, Lane and Clark",judithjackson@yahoo.com,2024-03-17,09286
xg22954By59,Corolla 2025,fc012fa2-dead-4411-8594-e6d04bdbd836,Lopez-Lynn,matthew15@hotmail.com,2024-01-10,72169
Ip22990RD27,Camry 2025,6a170993-8556-41d6-9159-2853112f7a8a,"Yang, Rogers and Cuevas",brownsierra@miranda.com,2024-12-02,45993
SR00683vQ09,RAV4 2025,af22cba7-730c-4e4b-b880-fe70fcc78c6a,Craig-Perkins,michael84@hotmail.com,2025-03-18,24985
ux90110UM59,RAV4 2025,6e687474-c92c-420a-8d4f-c6030a71f4ff,Knight-Green,trevorpowell@yahoo.com,2023-11-19,82584
LI35901pM75,Corolla 2025,76c85fa5-3b63-45f6-b21e-c5a59d9c0372,"Curry, Rhodes and Wilson",butlerjohn@russell-morgan.com,2025-02-24,13181
JU09040PH37,Camry 2025,287bd2f0-6e26-410d-abe5-7c11c46bb9b7,"Collins, Ruiz and Roach",marklawrence@hotmail.com,2024-04-29,61701
YE72652yi29,Corolla 2025,5d89ffae-1918-4781-8b85-ad387855b345,"Pratt, Stevens and Chambers",craigharrington@yahoo.com,2025-02-07,19960
xw64165gl66,RAV4 2025,c151ede0-c97d-4197-b41f-87f1dd522ce4,"Yang, Rogers and Cuevas",brownsierra@miranda.com,2023-11-24,09723
fY50132Lk76,Corolla 2025,1a06efda-2d47-4962-b482-34d93932b241,Green PLC,brenda30@johnson-sawyer.com,2023-07-08,91876
HM16579aW95,RAV4 2025,5a53bf08-74f9-44e2-85b1-418bd6a3bae1,Cox and Sons,dominguezbonnie@white.com,2023-11-11,48673
Ci25483sI19,RAV4 2025,3d6694c8-99a2-44aa-8e1e-17d56b475652,Gates LLC,austin96@hotmail.com,2025-01-23,08014
ox72187gu81,Corolla 2025,35e95069-3c2e-4f1a-a00f-0814bb76b1e6,"Bryant, Gonzalez and Sutton",robert56@keller-thompson.com,2025-04-13,97204
CY06767tf24,Camry 2025,f6575b7c-66ab-449e-a6fe-b8b60ea6989d,"Collins, Ruiz and Roach",marklawrence@hotmail.com,2023-11-17,49070
VA98776uW80,Camry 2025,6d0783a7-f6e7-4908-aa6b-3362397850fe,Vargas-Franco,anna14@gmail.com,2023-12-13,52110
cW44218AL41,RAV4 2025,c334a2c4-fef4-498b-9c1b-186597a8a655,Mosley Inc,matthewsmith@yahoo.com,2023-09-07,48088
CW71727Ep04,Camry 2025,dbbf71af-ef4d-4782-b837-a67f4d4de5fb,"Barton, Rodgers and Mooney",flemingjoshua@taylor-bright.org,2023-06-21,14021
ck11927cd86,Camry 2025,b9bbe1fb-7672-48e8-bc46-31dbf9615719,Gates LLC,austin96@hotmail.com,2023-09-02,97216
NN33410Gp48,RAV4 2025,84990be6-27f9-4386-9c4f-dfcace9995fc,"Patterson, Daniels and Wu",mullinsjustin@gmail.com,2024-04-26,75707
Rf56595Re15,Camry 2025,491fb872-626c-43f7-b9bd-df876f072270,"Petty, Davis and Whitehead",jeffreyrobinson@garrison.com,2024-03-29,59957
pm10455TL64,Corolla 2025,39d23716-5158-4fb3-a193-e060d8afe8c8,Bonilla-Henderson,ayersjody@brooks.org,2023-05-23,87641
cF06285eM14,RAV4 2025,4c1c4945-c771-4027-ad3a-bb6e31d7a51e,Gonzales Ltd,lmiller@dean.com,2024-05-02,37498
rx82260GZ12,RAV4 2025,99ab4e16-7e75-46e3-8645-85c55ff1ce14,Lowe Ltd,angela25@yahoo.com,2024-01-20,20539
yW00911du42,Camry 2025,35182911-6ff9-4dd0-a415-3d1dc25b9fe6,Knight-Green,trevorpowell@yahoo.com,2024-03-30,35407
eg57866iL96,Corolla 2025,6a127c8f-850e-4187-8a2a-c13e5d47c6d7,Green PLC,brenda30@johnson-sawyer.com,2024-12-22,52074
IJ10114Zc03,Corolla 2025,b787e1cb-947e-4f98-8aeb-c710b1d2af11,Knight-Green,trevorpowell@yahoo.com,2024-08-20,94212
wG85948NC99,RAV4 2025,14e633af-0542-439c-959b-34e73d1df7c5,Hicks Inc,thomas87@gmail.com,2024-09-20,36162
UZ49408nb29,Camry 2025,1e3ec220-db58-4c0c-84a5-fa3f221a5966,Torres LLC,padillascott@gmail.com,2024-09-14,29792
zv30620Ty71,Camry 2025,2e7218e9-fec6-4315-a722-525d6536929a,Vargas-Franco,anna14@gmail.com,2025-03-19,93361
KD18118et96,Corolla 2025,317ae8ed-c7b9-47a7-80be-0d293afc5333,Miller Ltd,travisjody@king.biz,2025-01-29,49689
Xi76967qa68,Corolla 2025,b920c3e6-d51d-4099-b5fa-0d6be725e91f,"Yang, Rogers and Cuevas",brownsierra@miranda.com,2025-01-30,36301
iF50287Jg27,RAV4 2025,060226f2-2355-4ada-9457-0a9731eeba95,Knight-Green,trevorpowell@yahoo.com,2023-08-04,05105
mS38160by11,Corolla 2025,eaa48386-578f-4435-8ffd-916b9d0b25ec,Wolfe-Thomas,jennifer14@hotmail.com,2024-04-27,63572
XQ46154aZ23,Camry 2025,23f8ce74-4cb7-4537-b324-cac674cec108,Knight-Green,trevorpowell@yahoo.com,2023-07-26,14714
lA64361iP15,RAV4 2025,896a4489-d9b9-435c-8d70-09f49c6a736c,Gates LLC,austin96@hotmail.com,2023-11-23,80494
hb35789EB41,RAV4 2025,68b2e871-61e8-409a-b3ff-75168dc15ac4,"Collins, Ruiz and Roach",marklawrence@hotmail.com,2024-12-11,63327
Zu40603Xx82,Camry 2025,ea4b5f5a-4e92-4410-829d-caa315e40d27,Johns LLC,dhebert@gmail.com,2023-08-29,49518
Oz42112bK74,Corolla 2025,6709d7a1-9662-4225-9737-8a5d294999ba,Johns LLC,dhebert@gmail.com,2023-12-12,72941
nb34560Gg19,RAV4 2025,f1bf6a16-8f90-47c8-9e1c-abb6a48219a5,Craig-Perkins,michael84@hotmail.com,2024-09-12,56220
Id15755QY21,RAV4 2025,c6046ab6-3e81-4c41-a59d-a604423057ad,Vargas-Franco,anna14@gmail.com,2024-08-03,90347
aR32900iV78,Corolla 2025,81053303-dc36-41c8-92ac-20c52ff58519,Conrad LLC,sharon25@hotmail.com,2024-12-19,11350
Jo40962wT58,RAV4 2025,96957112-279a-427d-ab7d-46e3d4bb2b49,Vazquez-Moreno,gallaghermichael@gmail.com,2023-09-08,70077
jO33614Fl12,RAV4 2025,e967e747-c84f-493e-891c-97d086ee89be,Young-Clark,frosario@hotmail.com,2024-04-01,23593
sk13603vp06,RAV4 2025,3ade6b34-da5b-4fbe-a259-edc73c4a5a98,Craig-Perkins,michael84@hotmail.com,2023-09-28,23911
YM90520yr52,Corolla 2025,b2a8f837-082c-4fe8-b37e-979d28bc8700,"Mclaughlin, Jones and Watts",izimmerman@gmail.com,2024-07-30,52785
fH13850Kz66,RAV4 2025,71de8c22-ed4e-40a4-9f43-8ed0b0d770ed,"Collins, Ruiz and Roach",marklawrence@hotmail.com,2024-03-05,68725
eT44415OL44,Corolla 2025,a1dec7a9-7341-4904-9e56-e711567c9f1a,Wolfe-Thomas,jennifer14@hotmail.com,2025-04-04,25037
XY93271KZ85,RAV4 2025,bb109632-cce9-47c8-8ad0-266078f577df,Johns LLC,dhebert@gmail.com,2024-12-26,57999
bo65886OO18,Camry 2025,025b2159-ae12-4ed1-b369-40a3f55597fc,Miller Ltd,travisjody@king.biz,2023-09-06,68612
BX34483YP97,Camry 2025,09bf77e7-a899-4838-81ac-aa7db24048c4,"Petty, Davis and Whitehead",jeffreyrobinson@garrison.com,2024-01-11,20790
AW73851jb62,RAV4 2025,8dd0734c-0d0a-42ab-809a-eee1355f7457,"Neal, Berger and Dixon",pcompton@reynolds.com,2025-02-10,66507
yZ25346rT37,Corolla 2025,842855cc-806a-45a9-a129-a979d4b36657,"Pratt, Stevens and Chambers",craigharrington@yahoo.com,2024-04-22,57576
zB55099Yv16,RAV4 2025,d55097f6-52ce-4178-ad8f-d83fab1e2efd,Torres-Mcdaniel,wagnertara@weaver-martinez.info,2024-02-26,33312
Wg71817Fw27,Corolla 2025,e1eee3b5-99c0-4c5d-b0f3-ebf5dc9f30fc,"Williams, Lane and Clark",judithjackson@yahoo.com,2023-10-14,86405
jw41346Rb73,Camry 2025,da589115-eb01-43ab-b36e-29feaa585106,Gonzales Ltd,lmiller@dean.com,2024-09-19,99213
Ai83582wJ04,RAV4 2025,38a268e0-c4be-41e1-bc58-0eec1ae93d08,"Knight, Johnson and Holland",tglover@yahoo.com,2025-02-18,18065
jX17606Nm49,RAV4 2025,95923b73-c76a-479f-b948-1642ffd62be7,"Schwartz, Wilkinson and Lawson",josephgill@yahoo.com,2023-09-27,39275
zs50970sD28,RAV4 2025,b0f93442-5e16-419a-99a1-90d1de981184,"Garrett, Carr and Young",victoria36@smith.info,2023-10-21,30481
AS99331VH65,Corolla 2025,c9d58932-b126-47a0-b569-fc3a05e98225,Weeks-Gilbert,bwatson@stokes.org,2025-03-24,45760
ZT02598CN95,RAV4 2025,9a488002-8ebf-44dd-8e52-ae54a054de80,"Garrett, Carr and Young",victoria36@smith.info,2024-03-16,65705
kM90784Pi34,Camry 2025,f1c57078-46b3-4003-8eb0-d902be80d8ed,Hicks Inc,thomas87@gmail.com,2024-08-16,65814
XP71073uq75,RAV4 2025,b9be867d-b622-4e76-9771-5e6f41cc8b96,"Curry, Rhodes and Wilson",butlerjohn@russell-morgan.com,2025-01-08,46645
YB04206UM36,Corolla 2025,a4106a67-20fe-4149-88ab-af4a7ea77f4d,Lopez-Lynn,matthew15@hotmail.com,2024-12-14,30526
kh23403st36,Corolla 2025,ef8ba5ef-f46f-439d-97e9-6b4c551162ef,"Mclaughlin, Jones and Watts",izimmerman@gmail.com,2024-11-14,23529
oK27861IL50,RAV4 2025,fcf7d91a-e910-4f40-9466-15583af7472e,"Clark, Farmer and Ford",janetmason@mitchell.net,2023-11-23,53110
EV31553aK34,Corolla 2025,0a25a1c0-12b0-4b5c-bb5e-8681c8fa6b4c,Cox and Sons,dominguezbonnie@white.com,2024-07-12,45770
UN43012yu95,RAV4 2025,138e3af4-18b4-4ce9-9c61-9a6835b480d7,"Petty, Davis and Whitehead",jeffreyrobinson@garrison.com,2023-08-05,97951
HW45747uG14,Corolla 2025,983b4e77-908d-4adc-a090-5fce884f8f11,Lopez-Lynn,matthew15@hotmail.com,2024-10-24,66661
Tf25134bx22,Corolla 2025,e1563f0e-78c0-42f3-918c-729db4aa0c70,"Collins, Ruiz and Roach",marklawrence@hotmail.com,2025-03-26,95267
fD17527if10,Corolla 2025,2fa9c36b-05fd-4216-aff7-8a0739bd8f58,"Petty, Davis and Whitehead",jeffreyrobinson@garrison.com,2023-05-14,23934
Jp25624LP95,Corolla 2025,44e65cf6-d040-4063-b738-2141b4accbce,Knight-Green,trevorpowell@yahoo.com,2024-06-28,74089
tF88832Ij01,RAV4 2025,931bbf59-22b1-48c6-9bdb-bc6fd5a3d2f2,"Knight, Johnson and Holland",tglover@yahoo.com,2025-01-29,31242
Po07256aV71,RAV4 2025,9a6e5901-2b7e-41d7-996a-bddd95365950,Burton-Shepherd,evansdavid@yahoo.com,2025-01-07,51238
hU55976xg58,RAV4 2025,9cb5e3f7-6285-4dae-a067-8008597a51a1,Burton-Shepherd,evansdavid@yahoo.com,2024-07-23,37805
wA98555lf69,Corolla 2025,36f28455-f6dc-419f-a6fc-9a7c8b893b87,Lowe Ltd,angela25@yahoo.com,2024-04-15,64902
ZC22999xy93,Corolla 2025,c186b086-9961-41f6-a3d4-663db59f967d,Torres LLC,padillascott@gmail.com,2024-10-18,71452
GV90443wn73,Corolla 2025,d0cbd727-fd4f-4537-bd9c-427d8ef94a66,"Collins, Ruiz and Roach",marklawrence@hotmail.com,2024-03-10,51219
nZ21834Ax74,Corolla 2025,61505757-12ad-478f-ba17-3494ded4339d,Green PLC,brenda30@johnson-sawyer.com,2024-07-21,16253
dw59784zx48,RAV4 2025,dd0cfb96-fcd6-4a85-8a7f-c7d82add01b0,Cox and Sons,dominguezbonnie@white.com,2024-10-10,69335
fN04892mx36,RAV4 2025,d8ce5d22-04c0-4c7a-8e60-04e76610f94f,Knight-Green,trevorpowell@yahoo.com,2024-10-31,77520
UO92499yS40,Camry 2025,eb816500-6bd8-4ced-b33b-265cb6ca94a6,Roberts Group,michealkent@yahoo.com,2025-04-16,81315
jX28717qi79,Corolla 2025,8f1c365b-4bb3-43e9-8539-2a43936fb2cf,"Perez, Jones and Carrillo",diane99@jordan.com,2024-07-18,37808
Jc83460MO40,RAV4 2025,5bd5bc02-de18-44d9-a752-aaef8db17fc3,Weber-Vargas,timothycopeland@jones.com,2024-12-20,92336
qw46054SC18,Corolla 2025,a4a42e57-0e62-406a-844d-cc4ddbc6acd7,Mosley Inc,matthewsmith@yahoo.com,2024-06-20,33684
qy07851Ib77,Camry 2025,437f1eb3-2051-45a5-8200-f500a6e1e88a,"Petty, Davis and Whitehead",jeffreyrobinson@garrison.com,2024-09-19,88533
TC78558XT42,Corolla 2025,701f11ca-057e-4f9b-a587-cf72ea72db73,Wolfe-Thomas,jennifer14@hotmail.com,2024-04-20,60414
cQ69310BC44,RAV4 2025,f0aaf8b0-5f5b-40e3-93ef-484deeb7bd3a,"Yang, Rogers and Cuevas",brownsierra@miranda.com,2023-06-15,41024
gu14528uk65,Camry 2025,48544e47-2516-450a-a1f2-da7643d6eb60,Parker-Norman,michellemcintyre@hotmail.com,2023-09-12,57406
qf28594nz61,RAV4 2025,9ac2ef1a-dd27-48cf-9af9-aa7b0f53b745,"Knight, Johnson and Holland",tglover@yahoo.com,2024-01-25,84623
Wb05017NG68,Corolla 2025,4a2274e7-7447-4baf-b150-68146f2012a0,"Pratt, Stevens and Chambers",craigharrington@yahoo.com,2024-06-25,10750
lT40823LM07,Corolla 2025,c975274d-12b4-47cf-aab2-0bbabb0cd5bc,Young-Clark,frosario@hotmail.com,2023-11-08,91078
wm40534OQ76,Camry 2025,0f46a62c-7e32-4b8a-8779-9c3001eb1d73,"Diaz, Perez and Rivas",allen89@hotmail.com,2025-03-08,81401
BV45048iY03,Corolla 2025,5e8c3da7-f27d-446b-815c-99925590df8b,"Curry, Rhodes and Wilson",butlerjohn@russell-morgan.com,2025-04-24,33119
sn81572Nc59,RAV4 2025,e35cdf42-923f-428e-9762-bf4826339628,"Yang, Rogers and Cuevas",brownsierra@miranda.com,2023-07-22,93799
nK54125CR96,Corolla 2025,c0fb7443-66b3-4fba-aa22-316df50e22cb,Weber-Vargas,timothycopeland@jones.com,2024-03-11,17859
sm77047Dx20,Corolla 2025,a8e12b56-310f-465d-b14e-098e3b5f2ec5,"Clark, Farmer and Ford",janetmason@mitchell.net,2023-08-20,50470
Nd14778gS75,Corolla 2025,8d442d83-3712-430c-be6d-c6b79cca12e7,Bonilla-Henderson,ayersjody@brooks.org,2025-01-26,43142
